player_id,player_name,team,age,gp,mpg,ppg,rpg,apg,spg,bpg,ts_pct,efg_pct,ast_tov,pts_per36,ast_per36,reb_per36,breakout_probability,projected_ppg,projected_ppg_growth,hidden_gem_score,model_reason
1642859,Jase Richardson,ORL,20.0,54,10.86570987654321,4.425925925925926,1.1666666666666667,1.0740740740740742,0.35185185185185186,0.037037037037037035,0.5738570879754129,0.5478723404255319,2.32,14.663867813855457,3.5585955364168056,3.865371013694116,0.5181187291540725,6.986104097987709,2.560178172061783,68.3399035974499,"Boa relação assistência/erro, papel atual limitado"
1642358,AJ Johnson,DAL,21.0,48,9.446527777777776,3.3333333333333335,1.1458333333333333,0.9791666666666666,0.22916666666666666,0.0625,0.4132231404958678,0.35795454545454547,1.5666666666666667,12.703080202896421,3.731529809600824,4.366683819745645,0.5170873708471289,6.234022841577341,2.900689508244007,63.8554680471945,Papel atual limitado
1642066,Myron Gardner,MIA,25.0,45,9.122333333333334,3.6222222222222222,2.7111111111111112,0.9777777777777777,0.4444444444444444,0.17777777777777778,0.6062183873847069,0.5853658536585366,2.588235294117647,14.29458837285782,3.85866189205978,10.699017064347572,0.3940472565853946,5.713670594785327,2.091448372563105,62.79308103990755,"Eficiência de arremesso, boa relação assistência/erro"
1630545,Terrence Shannon Jr,MIN,25.0,43,12.504069767441859,5.604651162790698,1.1395348837209303,0.8837209302325582,0.32558139534883723,0.023255813953488372,0.5971258671952427,0.5409356725146199,1.5833333333333333,16.136141721300046,2.544287906263077,3.2807923001813366,0.4756316428281847,7.308773389804793,1.7041222270140954,62.13263192181522,"Eficiência de arremesso, papel atual limitado"
1642885,Mohamed Diawara,NYK,21.0,69,9.1906038647343,3.5652173913043477,1.3623188405797102,0.7681159420289855,0.2463768115942029,0.08695652173913043,0.5501878690284487,0.5352112676056338,1.7666666666666666,13.965113498085369,3.0087439650346526,5.336262881382215,0.42685077677305894,6.387957972012887,2.8227405807085395,62.103298746614634,Papel atual limitado
1631207,Dalen Terry,PHI,23.0,48,11.479722222222222,3.6666666666666665,1.7916666666666667,1.375,0.6041666666666666,0.3125,0.5231866825208086,0.5161290322580645,2.5384615384615383,11.498536066010116,4.311951024753792,5.61860285043676,0.5099665347225854,5.240923660792597,1.5742569941259306,61.35538832540485,"Boa relação assistência/erro, papel atual limitado"
1631110,Jeremy Sochan,NYK,23.0,44,10.648901515151515,3.590909090909091,2.4318181818181817,0.9090909090909091,0.38636363636363635,0.1590909090909091,0.5625178011962404,0.5387596899224806,1.9047619047619047,12.139536372723036,3.0733003475248193,8.221078429628893,0.46253690683699633,5.239482479577035,1.648573388667944,61.011819032661315,Papel atual limitado
1642353,Cam Christie,LAC,20.0,55,8.722727272727273,2.8363636363636364,1.4181818181818182,0.5636363636363636,0.2909090909090909,0.05454545454545454,0.484472049689441,0.4244604316546763,1.4090909090909092,11.706096925482022,2.3262115685252733,5.853048462741011,0.4646364498343227,5.141784721495702,2.3054210851320653,60.95259510233354,Papel atual limitado
1642857,Kasparas Jakučionis,MIA,20.0,53,17.823176100628928,6.188679245283019,2.6037735849056602,2.5849056603773586,0.6226415094339622,0.1320754716981132,0.6141402037147993,0.5672268907563025,2.74,12.50015438170568,5.221101067968531,5.259211294742024,0.3949513960806314,8.190314024350407,2.0016347790673876,59.397025579615445,"Eficiência de arremesso, boa relação assistência/erro"
1642950,Lachlan Olbrich,CHI,22.0,37,9.30328828828829,2.4054054054054053,3.027027027027027,1.135135135135135,0.32432432432432434,0.21621621621621623,0.47040169133192394,0.4805194805194805,2.625,9.307955629366736,4.392518386892167,11.71338236504578,0.43680935023988676,4.05718322069219,1.6517778152867848,57.80463474512149,"Boa relação assistência/erro, papel atual limitado"
1631133,Jabari Walker,PHI,23.0,64,11.901067708333333,4.3125,3.0,0.53125,0.359375,0.203125,0.5680882595093034,0.5305164319248826,1.2592592592592593,13.045048041470368,1.6069986717753355,9.074816028848952,0.38224388239895724,6.243976476847494,1.931476476847494,56.96317256808723,Papel atual limitado
1631120,JD Davison,HOU,23.0,28,7.800595238095236,2.4642857142857144,1.2142857142857142,1.25,0.21428571428571427,0.21428571428571427,0.4767827529021559,0.4375,5.0,11.372758489126289,5.7687905379626105,5.603967951163678,0.39960639050720026,4.090239479596768,1.6259537653110536,56.75847195982372,"Boa relação assistência/erro, papel atual limitado"
1631166,Drew Timme,LAL,25.0,27,8.70672839506173,3.4074074074074074,1.2222222222222223,0.8518518518518519,0.2222222222222222,0.0,0.657518582046884,0.6590909090909091,1.7692307692307692,14.088720940949598,3.5221802352373994,5.0535629462101825,0.2745952173162767,5.354798678793644,1.9473912713862367,56.45213454275667,"Eficiência de arremesso, papel atual limitado"
1631103,Malaki Branham,WAS,23.0,28,9.838511904761903,4.571428571428571,1.5714285714285714,0.8214285714285714,0.35714285714285715,0.10714285714285714,0.604001510003775,0.5494505494505495,1.5333333333333334,16.72726832721267,3.0056810275460264,5.749998487479354,0.4366377614740922,5.8578881039388495,1.2864595325102783,56.382546760593144,"Eficiência de arremesso, papel atual limitado"
1641711,Gradey Dick,TOR,22.0,76,14.035372807017543,5.9868421052631575,1.9342105263157894,0.6710526315789473,0.5921052631578947,0.09210526315789473,0.5381813020439061,0.4921875,1.2142857142857142,15.355938082507699,1.7212150378195443,4.9611492266563335,0.38283190003924544,8.319313262779138,2.3324711575159807,55.43828462264043,Papel atual limitado
1641724,Jett Howard,ORL,22.0,55,12.64218181818182,5.472727272727273,1.5818181818181818,0.8181818181818182,0.18181818181818182,0.2,0.5612321002386634,0.5258964143426295,3.0,15.58419145141805,2.3298625093482137,4.504400851406546,0.3334080520375848,7.27095117260828,1.7982238998810072,55.19587659700692,"Boa relação assistência/erro, papel atual limitado"
1630639,A.J. Lawson,TOR,25.0,24,9.421458333333334,4.208333333333333,1.7916666666666667,0.2916666666666667,0.5,0.16666666666666666,0.587756052141527,0.5576923076923077,1.1666666666666667,16.08031311500785,1.1144771465847025,6.846073900448887,0.33474265709850287,6.056414669254444,1.848081335921111,55.10964132114055,"Eficiência de arremesso, papel atual limitado"
1642868,Carter Bryant,SAS,20.0,71,11.519225352112676,4.197183098591549,2.507042253521127,0.6619718309859155,0.22535211267605634,0.323943661971831,0.5256102723296175,0.5056603773584906,1.4242424242424243,13.117079224566401,2.0688010857537615,7.835033899237649,0.35667664394665627,6.477854271662716,2.280671173071167,54.81902264598176,Papel atual limitado
1642348,Justin Edwards,PHI,22.0,64,15.265911458333331,6.03125,1.46875,1.25,0.84375,0.171875,0.5724285205836991,0.5515625,2.2222222222222223,14.222865145826335,2.947744071673852,3.4635992842167758,0.29640439863589785,8.891454122299248,2.8602041222992476,54.498025057504506,"Boa relação assistência/erro, papel atual limitado"
1642854,Asa Newell,ATL,20.0,44,11.36155303030303,5.159090909090909,2.1818181818181817,0.5909090909090909,0.36363636363636365,0.3409090909090909,0.624449823943662,0.6242603550295858,1.1304347826086956,16.34699694944073,1.8723432629315373,6.9132674323626,0.35388606590942445,6.6825561723488525,1.5234652632579433,54.147468564777384,"Eficiência de arremesso, papel atual limitado"
1630538,Bones Hyland,MIN,25.0,71,16.57631455399061,8.507042253521126,1.7887323943661972,2.647887323943662,0.6197183098591549,0.23943661971830985,0.5991112521821933,0.5769230769230769,2.6857142857142855,18.475368582640257,5.750611413139683,3.884721539727339,0.3231211578111272,10.181901356544662,1.674859103023536,53.17829018563609,"Eficiência de arremesso, boa relação assistência/erro"
1642355,Bronny James,LAL,21.0,42,8.940277777777778,2.9047619047619047,0.5476190476190477,1.2142857142857142,0.4523809523809524,0.09523809523809523,0.5165989159891599,0.5043478260869565,2.04,11.696664373377127,4.889589205264209,2.2051088572760156,0.3200049636617061,4.684913969421275,1.78015206465937,53.0520802303095,"Boa relação assistência/erro, papel atual limitado"
1642352,Keshad Johnson,MIA,25.0,32,8.735052083333333,4.25,1.9375,0.25,0.46875,0.25,0.5823912298732442,0.5528846153846154,0.6153846153846154,17.5156368319689,1.0303315783511118,7.985069732221117,0.28831892334246195,6.174106836194421,1.9241068361944214,52.70392632600408,"Eficiência de arremesso, papel atual limitado"
1641733,Nick Smith Jr.,LAL,22.0,30,12.495888888888889,6.166666666666667,0.7666666666666667,1.0333333333333334,0.3,0.06666666666666667,0.551909307875895,0.5403726708074534,1.4761904761904763,17.765842988360617,2.976979095346914,2.2087264255799686,0.3330840391544778,7.850356424124805,1.6836897574581382,51.753357093255325,Papel atual limitado
1642878,Tyrese Proctor,CLE,22.0,50,10.901733333333334,5.44,1.28,1.48,0.5,0.0,0.5555555555555556,0.5155555555555555,1.85,17.96411579809938,4.887296209777038,4.226850776023384,0.285658059877976,7.158674932188277,1.7186749321882768,51.49131377521639,Papel atual limitado
1642866,Joan Beringer,MIN,19.0,40,7.853291666666666,3.9,2.3,0.3,0.175,0.65,0.6825341267063353,0.6632653061224489,1.0909090909090908,17.877853766202072,1.3752195204770825,10.543349656990966,0.2620446839784834,5.437788425889924,1.5377884258899237,51.13534918508165,"Eficiência de arremesso, papel atual limitado"
1642419,Jamison Battle,TOR,25.0,61,8.471775956284153,3.1475409836065573,1.459016393442623,0.39344262295081966,0.11475409836065574,0.04918032786885246,0.6350886477904207,0.6310344827586207,1.263157894736842,13.375173752769562,1.6718967190961953,6.1999503333150585,0.17616968023128066,5.554436043687707,2.4068950600811494,50.523669762118026,"Eficiência de arremesso, papel atual limitado"
1641747,DaRon Holmes II,DEN,23.0,25,8.3804,3.72,1.4,0.64,0.04,0.24,0.6923764145324598,0.6721311475409836,1.3333333333333333,15.98014414586416,2.7492721111164147,6.014032743067157,0.24626184289107556,5.167028148849919,1.447028148849919,49.782353166238074,"Eficiência de arremesso, papel atual limitado"
1643007,Taelon Peter,IND,24.0,38,12.95342105263158,4.5,1.5526315789473684,1.0526315789473684,0.6842105263157895,0.10526315789473684,0.5180562287930199,0.509493670886076,1.4814814814814814,12.506348658147614,2.9254616744204944,4.315055969770229,0.40383283104302403,5.761627659439841,1.2616276594398412,49.41562498447476,Papel atual limitado
1641712,Rayan Rupert,MEM,22.0,64,16.758515625,5.1875,2.9375,1.0625,0.859375,0.140625,0.4929326523340064,0.46325878594249204,1.2363636363636363,11.143588380907094,2.2824217165713327,6.31022474581486,0.39646371113880324,6.659193419349044,1.4716934193490436,48.989239052393216,Papel atual limitado
1642272,Jared McCain,OKC,22.0,67,17.308457711442788,8.328358208955224,2.044776119402985,1.3432835820895523,0.5223880597014925,0.07462686567164178,0.5514269902759111,0.528125,1.6071428571428572,17.322219028456452,2.793906294912331,4.252946248922104,0.3672667189265366,9.744664029093121,1.4163058201378966,48.91954905903181,Papel atual limitado
1641755,Kevin McCullar Jr.,NYK,25.0,21,7.380634920634921,2.380952380952381,1.3333333333333333,0.9523809523809523,0.42857142857142855,0.0,0.5081300813008129,0.5106382978723404,1.6666666666666667,11.613402726999011,4.645361090799604,6.5035055271194455,0.2772499535270428,3.9855864322260866,1.6046340512737056,48.857181178927114,Papel atual limitado
1642847,Jeremiah Fears,NOP,19.0,82,25.75491869918699,14.25609756097561,3.658536585365854,3.402439024390244,1.1829268292682926,0.36585365853658536,0.5245728029867892,0.4845924453280318,1.5674157303370786,19.92704842866861,4.755899496662568,5.113870426518891,0.38549748509172227,16.10896484387817,1.8528672829025599,48.76561469209292,Produção por 36 minutos
1642862,Liam McNeeley,CHA,20.0,31,11.855537634408602,4.258064516129032,2.3548387096774195,0.7741935483870968,0.16129032258064516,0.0967741935483871,0.5884450784593438,0.5263157894736842,1.8461538461538463,12.929849940819818,2.3508818074217848,7.150598830907929,0.32258338134492215,5.466966140137102,1.20890162400807,48.413772720958676,"Eficiência de arremesso, papel atual limitado"
1642869,Noah Penda,ORL,21.0,59,12.835169491525424,3.847457627118644,3.169491525423729,1.1864406779661016,0.5084745762711864,0.3050847457627119,0.506425129394967,0.47783251231527096,1.6666666666666667,10.791324155689809,3.327721105278796,8.88976923838764,0.331569339796479,5.313869280104472,1.4664116529858275,48.191132965914775,Papel atual limitado
1642852,Derik Queen,NOP,21.0,81,24.98,11.703703703703704,7.061728395061729,3.6790123456790123,1.037037037037037,0.9135802469135802,0.5460074644058425,0.48863636363636365,1.568421052631579,16.866826794769146,5.302019393292412,10.177030513299528,0.48193285609763775,12.803502536343107,1.0997988326394026,47.09064443476767,Perfil estatístico semelhante a breakouts históricos
1642860,Will Riley,WAS,20.0,74,22.060427927927925,10.324324324324325,2.864864864864865,1.972972972972973,0.7297297297297297,0.12162162162162163,0.5479059093516925,0.5016181229773463,1.553191489361702,16.84807189098739,3.2196577173876424,4.675119425247809,0.39388352142337135,11.730216669253965,1.40589234492964,47.01901536503241,Perfil estatístico semelhante a breakouts históricos
1642877,Micah Peavy,NOP,24.0,61,14.966147540983606,4.295081967213115,1.9180327868852458,1.0,0.7049180327868853,0.14754098360655737,0.455240478176258,0.43636363636363634,3.05,10.331513196448817,2.4054286449747244,4.613691007574471,0.30093244165649746,5.797209833654808,1.5021278664416933,46.6928505561676,"Boa relação assistência/erro, papel atual limitado"
1642404,Chaz Lanier,DET,24.0,34,7.706029411764706,2.3529411764705883,0.6764705882352942,0.5,0.20588235294117646,0.0,0.43649061545176776,0.42134831460674155,5.666666666666667,10.992156638232096,2.3358332856243202,3.1602450334917274,0.3026774512309682,3.58436374404676,1.2314225675761716,46.63822367312494,"Boa relação assistência/erro, papel atual limitado"
1630611,Gui Santos,GSW,24.0,68,20.520049019607843,9.191176470588236,3.911764705882353,2.338235294117647,0.8970588235294118,0.3235294117647059,0.609399375975039,0.5847826086956521,1.5588235294117647,16.124832480907006,4.1021573831427425,6.862728703874022,0.3740737250611836,10.294181870252151,1.1030053996639158,46.09513921571449,Eficiência de arremesso
1631321,Sidy Cissoko,POR,22.0,75,19.13406666666667,5.1066666666666665,2.2133333333333334,1.4666666666666666,0.6933333333333334,0.3333333333333333,0.5137905129856192,0.4865269461077844,1.5714285714285714,9.607994118692316,2.7594761176400904,4.164300322984136,0.36578058992903584,6.447118727626987,1.3404520609603203,45.64805292802468,Perfil estatístico semelhante a breakouts históricos
1641774,Tristan Vukcevic,WAS,23.0,49,13.693469387755103,9.0,3.0,1.1224489795918366,0.46938775510204084,0.673469387755102,0.6027225016400611,0.5583596214511041,0.8870967741935484,23.660913887150137,2.9509076276491104,7.886971295716712,0.2605783985221982,10.431726786901116,1.431726786901116,45.488438424745006,"Eficiência de arremesso, produção por 36 minutos"
1642261,Dalton Knecht,LAL,25.0,54,10.239413580246913,4.222222222222222,1.3888888888888888,0.3888888888888889,0.2037037037037037,0.2037037037037037,0.5680685668726331,0.5549738219895288,0.9130434782608695,14.844600113938817,1.3672657999680489,4.883092142743033,0.28107879980923417,5.514729687162429,1.2925074649402069,45.450297844929565,Papel atual limitado
1641740,Jaylen Clark,MIN,24.0,68,13.054460784313726,4.044117647058823,1.7647058823529411,0.6323529411764706,0.6911764705882353,0.1323529411764706,0.5340220599658225,0.506578947368421,1.8695652173913044,11.152374479461981,1.7438258276976917,4.866490681947047,0.3239561400359305,5.231651358187629,1.1875337111288058,45.44710577426534,Papel atual limitado
1642266,Ja'Kobe Walter,TOR,21.0,72,20.466319444444444,7.513888888888889,2.5694444444444446,1.1944444444444444,1.0138888888888888,0.19444444444444445,0.6097835888187556,0.5816831683168316,2.324324324324324,13.216836604855537,2.1010128429160373,4.519620650458918,0.2618545844850749,8.94013044664701,1.4262415577581216,45.40501419487189,"Eficiência de arremesso, boa relação assistência/erro"
1631104,Blake Wesley,POR,23.0,31,11.639301075268817,4.774193548387097,1.2580645161290323,2.0,0.5161290322580645,0.16129032258064516,0.5114735969035111,0.49193548387096775,2.0,14.766433708560633,6.1859384454781035,3.8911548286071937,0.2783135387299213,6.173134477092061,1.3989409287049641,45.319292822916765,"Boa relação assistência/erro, papel atual limitado"
1641722,Jordan Hawkins,NOP,24.0,51,13.568137254901961,5.0588235294117645,1.7254901960784315,0.8235294117647058,0.2549019607843137,0.19607843137254902,0.4797679262124368,0.4571984435797665,1.2352941176470589,13.42245023302865,2.1850500379348965,4.57820007948264,0.26643744707843287,6.7427263076233475,1.683902778211583,45.01550537244634,Papel atual limitado
1642262,Cody Williams,UTA,21.0,67,24.336442786069654,8.776119402985074,2.955223880597015,2.044776119402985,0.7611940298507462,0.3880597014925373,0.5237280889268918,0.4950884086444008,1.8767123287671232,12.982188945391357,3.024761710065673,4.371553420386886,0.4561818563193171,9.709724090189042,0.9336046872039674,44.44241173611666,Perfil estatístico semelhante a breakouts históricos
1642346,Ryan Dunn,PHX,23.0,70,19.360642857142857,5.814285714285714,4.242857142857143,1.457142857142857,0.8571428571428571,0.4142857142857143,0.531775896310233,0.5303867403314917,1.8214285714285714,10.811329316839391,2.709473194883582,7.889348420396313,0.2819891996565654,7.270617394025891,1.4563316797401766,43.81964694496652,Perfil estatístico semelhante a breakouts históricos
1642278,Tyler Kolek,NYK,25.0,62,11.728413978494624,4.419354838709677,1.5806451612903225,2.7419354838709675,0.3548387096774194,0.06451612903225806,0.5334890965732088,0.5241935483870968,3.090909090909091,13.565071499460231,8.416285236891385,4.851740901266798,0.17530487763488284,6.013800666116175,1.5944458274064983,43.72309357112338,"Boa relação assistência/erro, papel atual limitado"
1641748,Andre Jackson Jr.,MIL,24.0,48,8.502256944444445,2.3541666666666665,1.5,0.8958333333333334,0.3958333333333333,0.08333333333333333,0.4245566576495341,0.3907563025210084,1.3870967741935485,9.96794151879607,3.793110489453372,6.351254773038204,0.3447441713254655,3.265541093798474,0.9113744271318076,42.70490532651506,Papel atual limitado
1642863,Khaman Maluach,PHX,19.0,46,8.935326086956522,3.0217391304347827,2.891304347826087,0.13043478260869565,0.10869565217391304,0.717391304347826,0.5858057990559676,0.5571428571428572,0.24,12.174441943920687,0.5255154795936987,11.648926464326987,0.2129681599134374,4.274962081633067,1.2532229511982842,42.16505602415472,"Eficiência de arremesso, papel atual limitado"
1641763,Julian Phillips,MIN,22.0,48,8.896180555555555,2.9166666666666665,1.0208333333333333,0.20833333333333334,0.4583333333333333,0.14583333333333334,0.533862111043319,0.5041322314049587,0.9090909090909091,11.80281800085867,0.8430584286327623,4.130986300300535,0.2184824643831303,4.331351731133133,1.4146850644664668,42.11593313143361,Papel atual limitado
1642853,Rasheer Fleming,PHX,21.0,55,12.243666666666666,4.327272727272727,2.2545454545454544,0.2909090909090909,0.4,0.38181818181818183,0.5174813010958428,0.5093023255813953,0.5517241379310345,12.723461232894682,0.855358738345861,6.629030222180423,0.17313818642332884,6.250530028228178,1.9232573009554512,41.89007013280116,Papel atual limitado
1641709,Ausar Thompson,DET,23.0,73,25.967260273972602,9.876712328767123,5.726027397260274,3.1232876712328768,2.0,0.9452054794520548,0.5453527774416072,0.5303292894280762,2.0727272727272728,13.6926899520471,4.330004589551649,7.938341747511356,0.32128776132812353,11.194819980417343,1.3181076516502195,41.58046542726367,Boa relação assistência/erro
1642964,Brooks Barnhizer,OKC,24.0,40,8.697041666666667,1.7,1.95,0.55,0.275,0.125,0.45092838196286467,0.4295774647887324,2.2,7.036875565925195,2.27663621250521,8.071710207973018,0.24266425112076156,2.8854416221804335,1.1854416221804336,41.37364224537683,"Boa relação assistência/erro, papel atual limitado"
1642274,Yves Missi,NOP,22.0,66,19.652070707070706,5.712121212121212,5.833333333333333,1.2727272727272727,0.30303030303030304,1.5303030303030303,0.5562440982058546,0.54421768707483,1.5555555555555556,10.463852216976647,2.3314683984775555,10.685896826355462,0.17927722434433804,7.488064563166473,1.7759433510452611,41.17048830279401,Perfil estatístico semelhante a breakouts históricos
1630536,Sharife Cooper,WAS,25.0,41,17.073130081300814,8.121951219512194,2.097560975609756,3.024390243902439,0.3902439024390244,0.12195121951219512,0.6089978054133138,0.5728744939271255,2.0327868852459017,17.125755061321573,6.377158040852478,4.42286767349446,0.30273066110462776,8.790818489681948,0.6688672701697538,40.77669238485092,"Eficiência de arremesso, boa relação assistência/erro"
1641767,Ben Sheppard,IND,24.0,65,21.39194871794872,7.061538461538461,3.0,1.7538461538461538,0.6,0.09230769230769231,0.5605216881594373,0.5426356589147286,2.7804878048780486,11.883694560378576,2.9515058385253976,5.04862840800397,0.38959451353086155,7.5109597009470255,0.44942123940856415,40.63552956949859,Boa relação assistência/erro
1631124,Julian Strawther,DEN,24.0,57,15.099532163742689,7.245614035087719,2.0,1.0701754385964912,0.43859649122807015,0.10526315789473684,0.5903373356203545,0.5579937304075235,1.6944444444444444,17.274846825353794,2.551490693333127,4.768359656393057,0.3464938051951276,7.497743044323691,0.25212900923597203,40.481858080912744,"Eficiência de arremesso, papel atual limitado"
1642954,Will Richard,GSW,23.0,69,19.953695652173913,6.391304347826087,2.4927536231884058,1.3478260869565217,1.1594202898550725,0.13043478260869565,0.5963327563825184,0.5708092485549133,1.7547169811320755,11.531044701319358,2.4317169098020415,4.4973689084510875,0.26768323020957896,7.423575988948057,1.0322716411219703,40.21655356514131,Eficiência de arremesso
1630544,Tre Mann,CHA,25.0,53,12.6124213836478,5.490566037735849,1.7358490566037736,1.6226415094339623,0.4716981132075472,0.09433962264150944,0.46208079268292684,0.44224422442244227,1.5925925925925926,15.671881817615159,4.631552702113071,4.954684285981425,0.2627944583438907,6.7094773592979555,1.2189113215621061,40.19164701614291,Papel atual limitado
1642867,Collin Murray-Boyles,TOR,21.0,57,21.852631578947367,8.491228070175438,5.0,1.8596491228070176,0.9122807017543859,0.9298245614035088,0.6212774697063053,0.6038011695906432,1.7966101694915255,13.988439306358382,3.063583815028902,8.23699421965318,0.22360567431661843,9.731287581769969,1.2400595115945308,39.88867353319715,Eficiência de arremesso
1641715,Cam Whitmore,WAS,21.0,21,16.856349206349204,9.19047619047619,2.761904761904762,0.7142857142857143,0.7142857142857143,0.38095238095238093,0.5283618046430136,0.5029585798816568,0.8333333333333334,19.628042751541976,1.5254955506379775,5.89858279580018,0.35745127854751974,10.02119930413486,0.8307231136586708,39.6899408020413,"Produção por 36 minutos, papel atual limitado"
1631243,Mouhamed Gueye,ATL,23.0,77,15.309567099567099,4.441558441558442,3.5714285714285716,0.8961038961038961,0.7922077922077922,0.5064935064935064,0.5389561270801816,0.5206896551724138,2.090909090909091,10.444194983189641,2.1071621457312437,8.398110001102783,0.20765774968413916,5.670248555531695,1.2286901139732533,39.42117623262766,"Boa relação assistência/erro, papel atual limitado"
1642281,Jaylon Tyson,CLE,23.0,66,26.931565656565652,13.212121212121213,5.121212121212121,2.227272727272727,0.8181818181818182,0.42424242424242425,0.6080214202041613,0.5917910447761194,1.4848484848484849,17.660925090718152,2.9772431058894133,6.845633808099468,0.31809502366652204,14.35641817072042,1.1442969585992078,39.40486485587558,Eficiência de arremesso
1642864,Hugo González,BOS,20.0,74,14.647702702702704,3.9054054054054053,3.324324324324324,0.5405405405405406,0.5675675675675675,0.28378378378378377,0.5612958359229335,0.5609756097560976,1.0526315789473684,9.598405801112618,1.3284990728183552,8.170269297832885,0.19293936209408585,5.2543514836351,1.3489460782296945,39.39178539710243,Papel atual limitado
1631204,Marcus Sasser,DET,25.0,38,12.013245614035085,5.184210526315789,1.0263157894736843,1.9736842105263157,0.5263157894736842,0.10526315789473684,0.5326627730910665,0.5141242937853108,2.4193548387096775,15.535483494096429,5.914524172879352,3.075552569897263,0.2116836733465049,6.216908701634956,1.0326981753191662,39.082361070202346,"Boa relação assistência/erro, papel atual limitado"
1642949,Yanic Konan Niederhäuser,LAC,23.0,41,10.33361788617886,4.2926829268292686,2.8536585365853657,0.2926829268292683,0.12195121951219512,0.7317073170731707,0.6913890634820867,0.645,0.5217391304347826,14.954741608216928,1.0196414732875179,9.941504364553298,0.18107664045764352,5.272078786518874,0.9793958596896051,39.025480285411355,"Eficiência de arremesso, papel atual limitado"
1631119,Jaylin Williams,OKC,24.0,65,19.651923076923076,7.2153846153846155,5.507692307692308,2.4307692307692306,0.47692307692307695,0.6461538461538462,0.5974826742763962,0.5625,2.3582089552238807,13.217731676289265,4.452881886681672,10.089441236911636,0.2563050343502295,8.076622089586177,0.8612374742015616,38.961234720587925,"Eficiência de arremesso, boa relação assistência/erro"
1642914,Javon Small,MEM,23.0,41,20.241666666666667,9.658536585365853,3.1219512195121952,3.682926829268293,0.8292682926829268,0.21951219512195122,0.6109602567267342,0.5694444444444444,2.6964285714285716,17.17780076112824,6.550120997298899,5.55242044804145,0.2639280156252232,10.389378822895777,0.7308422375299237,38.61543844974872,"Eficiência de arremesso, boa relação assistência/erro"
1642345,Oso Ighodaro,PHX,23.0,82,22.053292682926827,6.475609756097561,5.097560975609756,2.2560975609756095,0.8902439024390244,0.6951219512195121,0.6359586087956309,0.6530054644808743,1.8316831683168318,10.570845568108297,3.6828746329567514,8.321305927437416,0.28198887695031677,7.248495613623254,0.7728858575256927,38.59974967805056,Eficiência de arremesso
1642265,Rob Dillingham,CHI,21.0,65,14.922358974358975,6.292307692307692,2.0153846153846153,2.2,0.7230769230769231,0.09230769230769231,0.46882164144887667,0.44660194174757284,1.43,15.18011175795399,5.307471837133058,4.862089585065948,0.29484084384481046,7.260427945463561,0.9681202531558686,38.59275243556097,Papel atual limitado
1642258,Zaccharie Risacher,ATL,21.0,67,22.43661691542288,9.567164179104477,3.8358208955223883,1.1343283582089552,0.8805970149253731,0.5373134328358209,0.5568102849200833,0.5438432835820896,1.3103448275862069,15.35070602426737,1.8200525083374728,6.154651245299085,0.337977994213923,10.4817655034437,0.9146013243392233,38.48336799501878,Perfil estatístico semelhante a breakouts históricos
1642271,Kyle Filipowski,UTA,22.0,77,23.388874458874458,11.415584415584416,7.1688311688311686,2.5714285714285716,0.948051948051948,0.5064935064935064,0.5857813083115637,0.547945205479452,1.584,17.570791603659565,3.9579257537253625,11.034217252810102,0.46264209592329053,11.206309971335196,-0.20927444424921937,38.47844780590147,Eficiência de arremesso
1641717,Cason Wallace,OKC,22.0,77,26.572337662337663,8.571428571428571,3.090909090909091,2.5974025974025974,1.948051948051948,0.36363636363636365,0.537529319781079,0.5179794520547946,2.73972602739726,11.61250592599471,3.5189411896953673,4.187540015737487,0.21865206654545521,10.127940308451958,1.5565117370233867,38.32405643108437,Boa relação assistência/erro
1631093,Jaden Ivey,CHI,24.0,37,18.115,8.54054054054054,2.4594594594594597,1.837837837837838,0.6216216216216216,0.3783783783783784,0.571056816538962,0.54296875,1.6585365853658536,16.972644739688626,3.6523412730975524,4.887691997821725,0.2845750216623801,9.296846237577078,0.756305697036538,38.05524064926224,Perfil estatístico semelhante a breakouts históricos
1630549,Day'Ron Sharpe,BKN,24.0,62,18.708306451612902,8.709677419354838,6.661290322580645,2.338709677419355,1.0806451612903225,0.41935483870967744,0.6384790011350738,0.6137640449438202,1.3679245283018868,16.75984878202282,4.5003297655431655,12.818180642547084,0.2574320908368095,9.480177399729497,0.7704999803746588,37.83948788759079,Eficiência de arremesso
1630604,E.J. Liddell,BKN,25.0,26,13.430384615384614,5.653846153846154,2.6538461538461537,0.9230769230769231,0.23076923076923078,0.38461538461538464,0.6002940215615812,0.5675675675675675,1.6,15.155073169334745,2.47429766029955,7.113605773361207,0.2015846606966304,6.525184734787067,0.8713385809409129,37.752818988917085,"Eficiência de arremesso, papel atual limitado"
1631248,Baylor Scheierman,BOS,25.0,77,18.562380952380952,5.545454545454546,3.4935064935064934,1.5064935064935066,0.5454545454545454,0.07792207792207792,0.6159127625201939,0.5990990990990991,2.5217391304347827,10.754889911402058,2.921703114104541,6.775328773225184,0.17909610498015013,6.550177315323711,1.004722769869165,37.624382159450434,"Eficiência de arremesso, boa relação assistência/erro"
1641842,Ronald Holland II,DET,20.0,78,19.877542735042734,8.205128205128204,4.038461538461538,1.2179487179487178,1.1794871794871795,0.34615384615384615,0.5249688299757203,0.47794117647058826,0.9895833333333334,14.86021785096569,2.2058135872527194,7.3140134735221745,0.3117208304040638,9.155882796730088,0.9507545916018838,37.43079025053677,Perfil estatístico semelhante a breakouts históricos
1630192,Zeke Nnaji,DEN,25.0,52,12.03823717948718,3.6538461538461537,2.6153846153846154,0.5576923076923077,0.3269230769230769,0.46153846153846156,0.5576426391171636,0.5165562913907285,1.0740740740740742,10.926721211524175,1.6677627112326374,7.821232025090989,0.1886791098426768,4.812453567737978,1.1586074138918243,37.35024260761229,Papel atual limitado
1642844,Dylan Harper,SAS,20.0,69,22.579082125603865,11.782608695652174,3.391304347826087,3.8550724637681157,0.782608695652174,0.34782608695652173,0.5738607487718109,0.5510670731707317,2.686868686868687,18.786145100313018,6.146512419044603,5.407082353595628,0.3017434985285537,12.462011226748405,0.6794025310962315,37.09589241907045,"Boa relação assistência/erro, produção por 36 minutos"
1642920,Kobe Sanders,LAC,24.0,68,19.873774509803923,7.279411764705882,2.25,1.6029411764705883,0.7205882352941176,0.14705882352941177,0.5973066898349262,0.5703125,1.345679012345679,13.18616266880434,2.903619658383178,4.075723006721342,0.30573861792198614,7.746099478693499,0.4666877139876169,37.083696274865865,Eficiência de arremesso
1641737,Adem Bona,PHI,23.0,71,17.38255868544601,4.845070422535211,4.323943661971831,0.4507042253521127,0.4225352112676056,1.1549295774647887,0.6376983538484353,0.6,0.5714285714285714,10.034341800169345,0.9334271442017997,8.955066664686015,0.14423112353202722,6.1411178420100825,1.2960474194748715,37.04114552920126,"Eficiência de arremesso, papel atual limitado"
1642267,Bub Carrington,WAS,20.0,82,27.690853658536586,10.707317073170731,3.3658536585365852,4.646341463414634,0.6341463414634146,0.2073170731707317,0.5558087713967386,0.5377867746288799,1.9947643979057592,13.920243102195405,6.040561072820558,4.37583951731883,0.16075100294966294,12.489840468058045,1.7825233948873134,36.90757022247242,Perfil estatístico semelhante a breakouts históricos
1641796,Pelle Larsson,MIA,25.0,70,26.41633333333333,11.428571428571429,3.4857142857142858,3.3714285714285714,0.7,0.22857142857142856,0.6054734802615646,0.5509838998211091,2.3366336633663365,15.574779672749365,4.594560003461062,4.750307800188557,0.3448451199095775,11.870010987912837,0.4414395593414078,36.85503581189423,"Eficiência de arremesso, boa relação assistência/erro"
1641775,Jordan Walsh,BOS,22.0,68,17.82308823529412,5.352941176470588,4.0,0.7941176470588235,0.7205882352941176,0.45588235294117646,0.6231169542591072,0.599250936329588,1.542857142857143,10.812148815564742,1.6040000990123517,8.079407906136291,0.18209426281758562,6.298378371270249,0.9454371947996609,36.16277481641299,"Eficiência de arremesso, papel atual limitado"
1642962,Drake Powell,BKN,20.0,63,20.94465608465608,6.476190476190476,1.7619047619047619,1.4444444444444444,0.5714285714285714,0.2222222222222222,0.5205675206695928,0.473463687150838,1.5166666666666666,11.13137671969969,2.482733533070274,3.02838925462418,0.2927960490157907,7.419924639363618,0.9437341631731417,35.98028871996487,Perfil estatístico semelhante a breakouts históricos
1641730,Noah Clowney,BKN,21.0,66,26.970656565656565,12.257575757575758,4.136363636363637,1.6363636363636365,0.7575757575757576,0.6818181818181818,0.554443774329733,0.49841521394611726,1.0588235294117647,16.361215612178594,2.1841919482265615,5.521151869128253,0.20361217831335285,13.872984463601762,1.6154087060260043,35.825175831330796,Perfil estatístico semelhante a breakouts históricos
1642270,Donovan Clingan,POR,22.0,77,27.190086580086582,12.12987012987013,11.584415584415584,2.103896103896104,0.5714285714285714,1.6883116883116882,0.6038897222365902,0.5818713450292398,1.7052631578947368,16.06009320305497,2.7855836176604982,15.337904857735582,0.21327316286030953,13.374696184073919,1.2448260542037897,35.784240824786906,Eficiência de arremesso
1641772,Nae'Qwan Tomlin,CLE,25.0,64,15.681848958333331,5.84375,2.90625,0.828125,0.640625,0.53125,0.5486445252904589,0.5207006369426752,1.8275862068965518,13.415191063181792,1.9010832255311096,6.671726036769554,0.21301001300168854,6.6925512827854305,0.8488012827854305,35.41133384762299,Papel atual limitado
1642883,Sion James,CHA,23.0,82,22.479024390243904,5.378048780487805,3.5,1.9878048780487805,0.6341463414634146,0.24390243902439024,0.531171709385238,0.4825268817204301,2.5076923076923077,8.612907425892974,3.183455579184931,5.605225467644633,0.31701703410698484,5.958736166545676,0.5806873860578712,35.21003326142634,Boa relação assistência/erro
1642846,Ace Bailey,UTA,19.0,72,27.606157407407405,13.791666666666666,4.194444444444445,1.8194444444444444,0.8333333333333334,0.6805555555555556,0.533457968024755,0.5196188340807175,1.2242990654205608,17.985118054379306,2.3726590786744106,5.469794211905892,0.23843879272002588,15.226666766120244,1.4350000994535783,35.165338418878534,Perfil estatístico semelhante a breakouts históricos
1642856,Egor Dëmin,BKN,20.0,52,25.157852564102562,10.307692307692308,3.173076923076923,3.326923076923077,0.8076923076923077,0.3269230769230769,0.5611390284757118,0.5367483296213809,2.011627906976744,14.749944262190656,4.760709621938402,4.54056120011466,0.2247816392661875,11.460633844150369,1.1529415364580604,34.97142389458007,Boa relação assistência/erro
1630182,Josh Green,CHA,25.0,58,15.653936781609193,4.293103448275862,1.7586206896551724,0.8103448275862069,0.603448275862069,0.10344827586206896,0.644009931719429,0.6187845303867403,1.3428571428571427,9.873025954691727,1.86358321233137,4.0443720778255265,0.2367989507359792,4.542063446193725,0.24895999791786316,34.532978435057174,"Eficiência de arremesso, papel atual limitado"
1641729,Brice Sensabaugh,UTA,22.0,75,23.491555555555554,14.88,3.08,1.9066666666666667,0.72,0.16,0.590201387713657,0.5542590431738623,1.153225806451613,22.80308763432723,2.92190101407598,4.719993945815045,0.32064658499442494,15.300443717226868,0.4204437172268669,33.94881518674157,"Eficiência de arremesso, produção por 36 minutos"
1630702,Jaden Hardy,WAS,23.0,57,15.75608187134503,9.175438596491228,1.5087719298245614,1.0175438596491229,0.2807017543859649,0.10526315789473684,0.566017316017316,0.5454545454545454,0.9354838709677419,20.964335687695087,2.3249167684250764,3.4472903807682167,0.270489535987322,9.505110096394922,0.3296714999036947,33.687165443158136,"Produção por 36 minutos, papel atual limitado"
1642354,KJ Simpson,DEN,23.0,20,12.880500000000001,4.55,1.85,2.15,0.8,0.0,0.42555181444070334,0.40404040404040403,1.72,12.716897635961336,6.0090834983114005,5.170606731105159,0.15641989155258468,5.705129509720154,1.1551295097201546,33.506708493223485,Papel atual limitado
1631121,Bryce McGowens,NOP,23.0,42,20.95079365079365,8.095238095238095,2.0952380952380953,1.4761904761904763,0.6428571428571429,0.19047619047619047,0.6097560975609756,0.5611814345991561,3.6470588235294117,13.91014470793242,2.536555799681794,3.6002727479354495,0.2989673358639134,7.870900127350698,-0.22433796788739713,33.04561311106946,"Eficiência de arremesso, boa relação assistência/erro"
1631222,Jake LaRavia,LAL,24.0,82,25.139878048780485,8.21951219512195,3.975609756097561,1.7682926829268293,1.2682926829268293,0.4634146341463415,0.5713026378246423,0.5334608030592735,1.6666666666666667,11.770241623695712,2.5321736430799384,5.693024880303861,0.22335441416258636,9.123582748053735,0.9040705529317847,32.510396393400086,Perfil estatístico semelhante a breakouts históricos
1642276,Kel'el Ware,MIA,22.0,77,22.12755411255411,11.051948051948052,9.012987012987013,0.7272727272727273,0.7662337662337663,1.0909090909090908,0.6155604421040449,0.600924499229584,0.9032258064516129,17.98075502815729,1.1832224225344397,14.663506450694662,0.21726162422706952,11.744243142403345,0.6922950904552927,31.63011222405509,Eficiência de arremesso
1642268,Isaiah Collier,UTA,21.0,59,25.710508474576272,11.661016949152541,2.542372881355932,7.169491525423729,1.11864406779661,0.3389830508474576,0.5667589297482536,0.5213592233009708,2.858108108108108,16.32782216596788,10.038762756111065,3.559844948975556,0.2172433024016168,12.380125127066297,0.7191081779137551,31.448381632088925,Boa relação assistência/erro
1642263,Reed Sheppard,HOU,22.0,82,26.181991869918697,13.536585365853659,2.902439024390244,3.3780487804878048,1.4878048780487805,0.6585365853658537,0.5641161164416978,0.5502114164904862,2.252032520325203,18.612681402999954,4.644786260027916,3.9908271837062963,0.2505166437184073,14.169213740702922,0.6326283748492632,31.42299371776541,"Boa relação assistência/erro, produção por 36 minutos"
1641716,Jarace Walker,IND,22.0,76,25.702412280701754,11.631578947368421,5.144736842105263,2.526315789473684,0.8289473684210527,0.34210526315789475,0.54331792703314,0.509549795361528,1.381294964028777,16.291733146762457,3.5384759775773658,7.2059588918372395,0.3486479021747532,11.770222172991382,0.1386432256229604,31.26298401720179,Perfil estatístico semelhante a breakouts históricos
1642377,Jaylen Wells,MEM,22.0,69,26.386111111111113,12.53623188405797,3.1884057971014492,1.608695652173913,0.8840579710144928,0.13043478260869565,0.5593347472970875,0.5236389684813754,1.5,17.10385990287307,2.1948305771316887,4.350114657378122,0.17656366768797704,13.755821607447583,1.2195897233896122,31.189917385489345,Perfil estatístico semelhante a breakouts históricos
1631255,Karlo Matković,NOP,25.0,62,14.705752688172044,5.67741935483871,3.693548387096774,0.8064516129032258,0.4032258064516129,0.8709677419354839,0.6955422067657288,0.6851063829787234,1.4705882352941178,13.898445126075302,1.974210955408424,9.041886175770582,0.12138250141765497,6.143378316239208,0.4659589614004984,31.13989299965777,"Eficiência de arremesso, papel atual limitado"
1642848,Tre Johnson,WAS,20.0,60,24.046944444444442,12.216666666666667,2.8333333333333335,2.033333333333333,0.55,0.3,0.5348178846602849,0.5077279752704791,1.3118279569892473,18.289225935381026,3.044045790063418,4.2417031500883695,0.29452577149205644,12.682408023588913,0.46574135692224594,31.066387311581177,Produção por 36 minutos
1642269,Devin Carter,SAC,24.0,38,18.417587719298247,8.921052631578947,3.289473684210526,2.6578947368421053,0.8947368421052632,0.23684210526315788,0.5084593232541397,0.4657534246575342,1.8703703703703705,17.437565637346072,5.195262918501337,6.429780839729378,0.30565881206453566,8.835174712425665,-0.08587791915328147,30.9949696033085,Perfil estatístico semelhante a breakouts históricos
1642275,Tidjane Salaün,CHA,20.0,37,15.55081081081081,6.0,4.027027027027027,0.7297297297297297,0.43243243243243246,0.1891891891891892,0.6285390713476784,0.6163522012578616,1.0384615384615385,13.889950988911675,1.689318363516285,9.322534672738017,0.1892687520858107,6.21386548330153,0.21386548330152966,30.74411871411718,"Eficiência de arremesso, papel atual limitado"
1630574,Ariel Hukporti,NYK,24.0,54,9.221512345679011,2.1666666666666665,2.9444444444444446,0.5370370370370371,0.16666666666666666,0.48148148148148145,0.6189166314007618,0.56875,0.90625,8.458482413304907,2.0965469229559175,11.494860715516925,0.1065480753575649,2.6163765410222504,0.44970987435558385,30.23665016876246,"Eficiência de arremesso, papel atual limitado"
1630592,Jalen Wilson,BKN,25.0,54,15.911512345679013,6.351851851851852,2.111111111111111,0.9259259259259259,0.4074074074074074,0.037037037037037035,0.5355358481139145,0.49280575539568344,1.3157894736842106,14.371145979015893,2.094919238923599,4.776415864745807,0.3061271812100016,5.997634158502937,-0.3542176933489154,29.80687448462238,Papel atual limitado
1631159,Leonard Miller,CHI,22.0,46,15.623079710144927,7.8478260869565215,3.9347826086956523,0.8695652173913043,0.3695652173913043,0.32608695652173914,0.6326230197672789,0.6145038167938931,1.1111111111111112,18.08361375427009,2.003724515708597,9.066853433581404,0.156673136202261,8.064138222046992,0.21631213509047065,29.320335744136404,"Eficiência de arremesso, produção por 36 minutos"
1631230,Dominick Barlow,PHI,23.0,71,23.78194835680751,7.676056338028169,4.788732394366197,1.2253521126760563,0.8873239436619719,0.7464788732394366,0.596750175192712,0.5651629072681704,1.5535714285714286,11.619654707134755,1.8548806596710528,7.248958899863884,0.2431289933471118,7.880112059370444,0.20405572134227512,29.076913911199583,Eficiência de arremesso
1642450,Daniss Jenkins,DET,24.0,72,20.2125,9.319444444444445,2.3055555555555554,3.861111111111111,0.8888888888888888,0.20833333333333334,0.5251706217519253,0.4727112676056338,2.417391304347826,16.598639455782312,6.876932591218306,4.106369820655535,0.24473165101267955,9.367535498171918,0.048091053727473465,28.64698779364918,Boa relação assistência/erro
1642363,Nique Clifford,SAC,24.0,75,25.092333333333332,8.6,3.76,2.3866666666666667,0.9066666666666666,0.32,0.5049477046408217,0.4823825503355705,1.543103448275862,12.338430064960082,3.4241534598881467,5.394476400494176,0.24140631666821635,9.284929191370773,0.6849291913707738,28.36168476614949,Perfil estatístico semelhante a breakouts históricos
1641707,Taylor Hendricks,MEM,22.0,59,18.957033898305085,7.423728813559322,3.7457627118644066,0.9322033898305084,0.847457627118644,0.5084745762711864,0.5663597806972174,0.547887323943662,1.1,14.097893094553697,1.77028337945309,7.1133204883478705,0.17724814929135424,7.84885404538582,0.425125231826498,27.938407247169064,Perfil estatístico semelhante a breakouts históricos
1642875,Maxime Raynaud,SAC,23.0,74,26.53891891891892,12.45945945945946,7.513513513513513,1.3513513513513513,0.5135135135135135,0.527027027027027,0.6188584009021103,0.5886736214605067,1.0638297872340425,16.90123632808522,1.833105892417052,10.192068761838808,0.16356627174233979,13.270297698425313,0.8108382389658537,27.812410006069655,Eficiência de arremesso
1630619,Moussa Cisse,DAL,23.0,38,13.936315789473685,4.473684210526316,5.684210526315789,0.23684210526315788,0.5,1.1842105263157894,0.5642591609134361,0.5739130434782609,0.3,11.556327655878242,0.6118055817817892,14.683333962762942,0.12456170707278658,5.086116854390959,0.6124326438646435,27.766556539605673,Papel atual limitado
1642849,Nolan Traore,BKN,20.0,56,22.203422619047622,8.910714285714286,1.7678571428571428,3.8035714285714284,0.8035714285714286,0.4107142857142857,0.47947574755938194,0.44363256784968685,1.6511627906976745,14.44757953715308,6.167002888604421,2.866353455266844,0.18492012522214316,9.72129062019005,0.8105763344757637,27.40253459806125,Perfil estatístico semelhante a breakouts históricos
1630526,Jeremiah Robinson-Earl,DAL,25.0,22,16.391590909090908,4.590909090909091,4.681818181818182,0.6818181818181818,0.4090909090909091,0.045454545454545456,0.467939214232765,0.42,1.25,10.082775258932656,1.4974418701385135,10.282434174951124,0.251155795496847,4.618532254256848,0.02762316334775683,27.217183210157913,Papel atual limitado
1630172,Patrick Williams,CHI,24.0,72,20.469166666666666,7.013888888888889,2.986111111111111,1.4583333333333333,0.6805555555555556,0.3611111111111111,0.49412915851272016,0.47175732217573224,1.4,12.335626755689452,2.5648332858364205,5.251801490046005,0.2729556495230943,7.035214671146799,0.021325782257910042,26.97942819364971,Perfil estatístico semelhante a breakouts históricos
1630551,Justin Champagnie,WAS,25.0,69,19.963091787439613,8.652173913043478,5.565217391304348,1.2173913043478262,0.855072463768116,0.6231884057971014,0.5888967803030303,0.5595238095238095,1.8666666666666667,15.60270644377547,2.1953556805312218,10.035911682428443,0.13738904544879169,8.8926940120128,0.2405200989693217,26.5925420779968,Eficiência de arremesso
1631169,Josh Minott,BKN,23.0,49,17.014931972789118,7.428571428571429,3.2244897959183674,0.9387755102040817,0.8979591836734694,0.4897959183673469,0.6527040596757998,0.626984126984127,1.069767441860465,15.717287136748634,1.9862505722264756,6.822338921995286,0.16130669328787095,7.272373152193774,-0.15619827637765482,26.260422347700374,"Eficiência de arremesso, papel atual limitado"
1642907,Cedric Coward,MEM,22.0,62,25.773333333333333,13.596774193548388,5.870967741935484,2.7580645161290325,0.6451612903225806,0.43548387096774194,0.5845722844779763,0.5424382716049383,1.6285714285714286,18.991872903559567,3.8524439697611936,8.200524005807454,0.24975173575088297,13.44558169569583,-0.1511924978525574,26.245381610876876,"Eficiência de arremesso, produção por 36 minutos"
1642879,Ben Saraf,BKN,20.0,44,20.82541666666667,7.545454545454546,2.090909090909091,3.2954545454545454,0.8636363636363636,0.18181818181818182,0.4857778298021772,0.4273927392739274,1.4646464646464648,13.043501985299867,5.696710204423135,3.6144644055650237,0.33758989244107196,6.489429151110762,-1.0560253943437843,25.645757337271007,Perfil estatístico semelhante a breakouts históricos
1642277,Johnny Furphy,IND,21.0,35,18.37295238095238,5.142857142857143,4.371428571428571,1.1714285714285715,0.5714285714285714,0.2,0.5474452554744526,0.5469798657718121,1.4137931034482758,10.076924671877917,2.295299508594414,8.565385971096228,0.17694712105249277,5.243039225763066,0.10018208290592234,25.515224188007583,Perfil estatístico semelhante a breakouts históricos
1642880,Kam Jones,IND,24.0,37,16.657432432432433,4.378378378378378,1.6216216216216217,3.2162162162162162,0.4864864864864865,0.0,0.469510781358683,0.46745562130177515,3.3055555555555554,9.462540055976959,6.9508781892670255,3.5046444651766517,0.1622599823980214,4.454219562750056,0.07584118437167753,25.228515899361057,"Boa relação assistência/erro, papel atual limitado"
1641713,GG Jackson,MEM,21.0,55,21.413909090909094,12.472727272727273,4.2727272727272725,1.4727272727272727,0.5636363636363636,0.8,0.5909310178485286,0.5583657587548638,0.9529411764705882,20.968529375554542,2.4758759175217464,7.183096797748277,0.2435300555087656,12.036680717009,-0.43604655571827244,24.69836992045199,"Eficiência de arremesso, produção por 36 minutos"
1641783,Tristan da Silva,ORL,25.0,77,24.6682683982684,9.896103896103897,3.688311688311688,1.6103896103896105,0.8831168831168831,0.3246753246753247,0.5757026291931098,0.5467741935483871,1.7971014492753623,14.442024649154057,2.3501457434318938,5.382591863989176,0.17237996004210784,9.969259501961023,0.0731556058571261,24.041138766171354,Perfil estatístico semelhante a breakouts históricos
1641765,Olivier-Maxence Prosper,MEM,23.0,53,18.558333333333337,10.0,3.5283018867924527,0.9622641509433962,0.7547169811320755,0.24528301886792453,0.6622351059576169,0.6342857142857142,1.0851063829787233,19.39829366861248,1.8666282586778047,6.844303615151951,0.1795195555476445,9.43175772972353,-0.5682422702764693,23.78622615753009,"Eficiência de arremesso, produção por 36 minutos"
1631217,Moussa Diabaté,CHA,24.0,73,26.013105022831052,7.876712328767123,8.698630136986301,1.9315068493150684,0.7671232876712328,0.9863013698630136,0.6527563345745164,0.6322314049586777,1.9315068493150684,10.900722677540474,2.6730467783186205,12.03818939171861,0.09987088370779722,8.148249550491398,0.27153722172427486,23.456754025615595,Eficiência de arremesso
1642461,Spencer Jones,DEN,25.0,64,22.13734375,5.5,3.265625,0.796875,0.8125,0.453125,0.6187596681198144,0.6125954198473282,1.6451612903225807,8.944162508205169,1.2958871815865443,5.3105964892468185,0.07327992670529901,5.884364889356115,0.3843648893561147,23.072564643490242,Eficiência de arremesso
1630543,Isaiah Jackson,LAC,24.0,55,16.514757575757574,6.7272727272727275,5.2727272727272725,0.9454545454545454,0.6545454545454545,0.8909090909090909,0.6532485875706215,0.6371308016877637,0.896551724137931,14.664569980568345,2.060966591863659,11.493852146931944,0.13922297988163376,6.288037993639328,-0.43923473363339927,23.02172172481516,"Eficiência de arremesso, papel atual limitado"
1630165,Killian Hayes,SAC,24.0,23,17.631594202898548,5.521739130434782,2.347826086956522,3.5217391304347827,0.9130434782608695,0.17391304347826086,0.42243214475784996,0.36594202898550726,2.892857142857143,11.27422775320982,7.1906491969290975,4.793766131286064,0.16096771402990512,5.432658297234206,-0.08908083320057614,22.973706199355625,"Boa relação assistência/erro, papel atual limitado"
1631107,Nikola Jović,MIA,23.0,47,17.191879432624113,7.319148936170213,3.25531914893617,2.1702127659574466,0.5531914893617021,0.3617021276595745,0.4798571587992412,0.43789808917197454,1.5692307692307692,15.326384921134215,4.544451342894448,6.816677014341671,0.19489752578443353,7.079742323582474,-0.23940661258773854,22.948279580794445,Papel atual limitado
1630228,Jonathan Kuminga,ATL,23.0,36,23.069351851851852,12.166666666666666,5.611111111111111,2.3055555555555554,0.6111111111111112,0.3055555555555556,0.5570818070818071,0.5147492625368731,1.2388059701492538,18.986229123937882,3.5978470714311515,8.756206125651719,0.2703196747850563,11.194432914322705,-0.9722337523439606,22.8886664505275,Produção por 36 minutos
1630570,Trendon Watford,PHI,25.0,53,16.296540880503144,6.528301886792453,3.2830188679245285,2.490566037735849,0.3018867924528302,0.41509433962264153,0.5730753941963694,0.5335820895522388,2.0625,14.421395905293016,5.501804218204272,7.2523782876329035,0.13977349345698337,6.005951811413776,-0.522350075378677,22.74477105579674,"Boa relação assistência/erro, papel atual limitado"
1630703,Scoot Henderson,POR,22.0,30,24.927666666666667,14.233333333333333,2.6666666666666665,3.7333333333333334,0.9,0.3,0.5531088082901554,0.5014619883040936,1.5342465753424657,20.555473837636896,5.391599695117874,3.8511426393699097,0.2753304646501022,13.048037847917598,-1.1852954854157343,22.35703097744237,Produção por 36 minutos
1631109,Mark Williams,PHX,24.0,60,23.600833333333334,11.666666666666666,7.95,0.9666666666666667,0.9166666666666666,0.9166666666666666,0.6796116504854369,0.6449771689497716,0.8923076923076924,17.79598178030437,1.4745242046537905,12.126690441721692,0.10358736700111427,11.830710401313217,0.1640437346465511,21.609955787470923,Eficiência de arremesso
1641731,Bilal Coulibaly,WAS,21.0,56,26.207232142857144,11.732142857142858,4.339285714285714,2.5892857142857144,1.3392857142857142,0.9642857142857143,0.530797569803516,0.4852125693160813,1.7901234567901234,16.116053025166853,3.5568153556304316,5.960731940815138,0.22933349449455642,11.417738403549803,-0.31440445359305436,21.54406508876687,Perfil estatístico semelhante a breakouts históricos
1642942,Jahmai Mashack,MEM,23.0,31,21.71456989247312,6.193548387096774,2.6129032258064515,2.225806451612903,1.1935483870967742,0.45161290322580644,0.45627376425855515,0.44358974358974357,1.4081632653061225,10.268116892924082,3.6901045083945916,4.331861814202347,0.1843237226272071,6.288006858083665,0.09445847098689075,21.40888908184579,Perfil estatístico semelhante a breakouts históricos
1631172,Ousmane Dieng,MIL,23.0,57,19.288976608187134,7.56140350877193,3.1578947368421053,2.3859649122807016,0.43859649122807015,0.2982456140350877,0.5157970320727621,0.5012562814070352,1.8133333333333332,14.112232693581616,4.453047903311136,5.893739872029445,0.16916569506168697,7.223613565289176,-0.33778994348275404,21.286040939236155,Perfil estatístico semelhante a breakouts históricos
1642383,Walter Clayton Jr.,MEM,23.0,69,20.44253623188406,7.797101449275362,2.0144927536231885,4.043478260869565,0.6376811594202898,0.2753623188405797,0.523102053515868,0.46529284164859,2.4051724137931036,13.730960238491068,7.1207024285111675,3.547590098792302,0.16884096546398886,7.369288636048135,-0.4278128132272272,21.12360249810975,Boa relação assistência/erro
1642349,Ajay Mitchell,OKC,24.0,57,25.83856725146199,13.578947368421053,3.3333333333333335,3.6140350877192984,1.2456140350877194,0.3157894736842105,0.5852286474715703,0.5364406779661017,2.54320987654321,18.919087134581677,5.0353125965424095,4.6442203560342605,0.21196634039248777,12.375871718480866,-1.2030756499401871,21.11296799869526,"Eficiência de arremesso, boa relação assistência/erro"
1631200,Kris Murray,POR,25.0,57,23.38964912280702,5.807017543859649,3.6140350877192984,1.4210526315789473,0.8947368421052632,0.38596491228070173,0.5496877906204332,0.5289855072463768,1.7234042553191489,8.93782674897428,2.1872023162142495,5.562514532594265,0.10017117875855301,6.097846177554275,0.29082863369462597,21.0214630244915,Perfil estatístico semelhante a breakouts históricos
1630224,Jalen Green,PHX,24.0,32,25.88515625,17.75,3.625,2.84375,1.0625,0.25,0.5161008940902814,0.4912109375,1.2638888888888888,24.685962635438987,3.954969365888993,5.041499411462891,0.3063935454705333,16.43880159108173,-1.311198408918269,20.836584759915482,Produção por 36 minutos
1642928,Dylan Cardwell,SAC,24.0,44,20.603143939393934,5.409090909090909,7.545454545454546,1.4090909090909092,0.6818181818181818,1.5227272727272727,0.590746624305004,0.5921787709497207,1.5897435897435896,9.451337781266837,2.4621132035232933,13.184219089834409,0.05733917024106882,5.519361786041973,0.11027087695106363,20.268112194584088,Eficiência de arremesso
1630171,Isaac Okoro,CHI,25.0,63,26.903015873015875,9.26984126984127,2.746031746031746,1.5873015873015872,0.7301587301587301,0.4603174603174603,0.5744865035020068,0.5392156862745098,2.1739130434782608,12.404344824737887,2.124031648071556,3.674574751163792,0.17423152915866508,8.850304619012142,-0.4195366508291283,20.21225217601574,Boa relação assistência/erro
1642948,Ryan Nembhard,DAL,23.0,60,19.514666666666667,6.616666666666666,2.216666666666667,5.266666666666667,0.4166666666666667,0.03333333333333333,0.49177484887523537,0.47692307692307695,3.7176470588235295,12.206203880841759,9.71576933588412,4.089232030609456,0.11698681144398634,6.407177874332915,-0.20948879233375095,19.949334870383105,Boa relação assistência/erro
1642874,Danny Wolf,BKN,22.0,57,20.82739766081871,8.912280701754385,4.9298245614035086,2.2280701754385963,0.5263157894736842,0.5614035087719298,0.5205344700385278,0.4818181818181818,1.7397260273972603,15.404810072203029,3.851202518050757,8.52116462655325,0.1439542229599576,8.70569397100131,-0.20658673075307554,19.947602744725383,Perfil estatístico semelhante a breakouts históricos
1641750,Ryan Kalkbrenner,CHA,24.0,69,21.436690821256043,7.550724637681159,5.463768115942029,0.782608695652174,0.463768115942029,1.463768115942029,0.7616068296105718,0.7525773195876289,0.8709677419354839,12.680412719624913,1.3142846196924094,9.175653733778487,0.07724057241422404,7.554395110948113,0.003670473266954133,19.892809796035337,Eficiência de arremesso
1630541,Moses Moody,GSW,24.0,60,25.66497222222222,12.133333333333333,3.3333333333333335,1.6333333333333333,0.9666666666666667,0.5666666666666667,0.5999472573839663,0.5754039497307002,1.719298245614035,17.01930538704395,2.2910603405636083,4.675633348088997,0.1439544657686155,11.667912352890461,-0.4654209804428717,19.13436308715337,Eficiência de arremesso
1630583,Santi Aldama,MEM,25.0,43,27.86228682170543,14.0,6.674418604651163,2.9302325581395348,0.8604651162790697,0.7209302325581395,0.5720693325224266,0.5525210084033614,2.290909090909091,18.088967471520366,3.786062959155425,8.623810073631802,0.15375599525638625,13.66553802592013,-0.3344619740798702,18.884290582474737,"Boa relação assistência/erro, produção por 36 minutos"
1630577,Julian Champagnie,SAS,25.0,82,27.63369918699187,11.109756097560975,5.7682926829268295,1.548780487804878,0.7560975609756098,0.4634146341463415,0.6086317477284875,0.5783744557329463,1.8405797101449275,14.473314513768244,2.0176848992849252,7.514684703635982,0.16421376209465655,10.586214740665401,-0.5235413568955742,18.80886534894105,Eficiência de arremesso
1630560,Cam Thomas,MIL,24.0,42,20.964920634920635,13.5,1.6904761904761905,2.5714285714285716,0.21428571428571427,0.09523809523809523,0.5295502092050209,0.46637744034707157,1.4594594594594594,23.18158072062932,4.4155391848817755,2.902808167838945,0.18724930486675756,12.446742604194318,-1.053257395805682,18.361964779719862,Produção por 36 minutos
1642259,Alex Sarr,WAS,21.0,48,27.180451388888887,16.3125,7.395833333333333,2.7083333333333335,0.8125,1.9791666666666667,0.5435688103965345,0.5198170731707317,1.5853658536585367,21.605601452228356,3.587136895005985,9.79564305943942,0.14531859664622768,16.265362951402697,-0.04713704859730328,18.12204088783168,Produção por 36 minutos
1630540,Miles McBride,NYK,25.0,41,26.342317073170733,11.975609756097562,2.4390243902439024,2.5853658536585367,0.8536585365853658,0.21951219512195122,0.5780823208062541,0.5618811881188119,3.212121212121212,16.36613628262047,3.5332188308712213,3.3332253121426616,0.132847055704063,11.478617616511691,-0.4969921395858705,18.04453987095238,Boa relação assistência/erro
1630191,Isaiah Stewart,DET,25.0,58,22.709224137931034,10.017241379310345,5.0,1.1379310344827587,0.27586206896551724,1.603448275862069,0.6320163606300583,0.599502487562189,0.9850746268656716,15.87992119258846,1.8039153161976564,7.926294571171519,0.1252305028154113,9.123003506809948,-0.8942378725003977,17.438882474124732,Eficiência de arremesso
1642364,Jamir Watkins,WAS,24.0,50,20.643533333333334,7.36,3.88,1.34,1.08,0.5,0.5540833534088172,0.5253378378378378,1.675,12.835012094182844,2.3368092671474194,6.766283549650738,0.09747351337962062,6.893044088618064,-0.4669559113819366,16.595982994915282,Perfil estatístico semelhante a breakouts históricos
1642347,Jamal Shead,TOR,23.0,82,22.58827235772357,6.646341463414634,1.7439024390243902,5.414634146341464,0.926829268292683,0.18292682926829268,0.49095560680311334,0.4503968253968254,3.9642857142857144,10.59258932660754,8.6295590110344,2.77933995175207,0.09533491377468739,6.35991836936124,-0.2864230940533945,16.180167245559616,Boa relação assistência/erro
1631246,Vince Williams Jr.,UTA,25.0,40,20.484875,7.5,3.875,4.15,0.725,0.4,0.47770700636942676,0.4469178082191781,2.3714285714285714,13.180456312279182,7.2931858261278135,6.809902428010911,0.11058552937501907,6.3808437416620345,-1.1191562583379655,14.780999296348941,Boa relação assistência/erro
1630533,Ziaire Williams,BKN,24.0,56,22.87976190476191,10.232142857142858,2.392857142857143,1.0714285714285714,1.3571428571428572,0.375,0.5792559644156894,0.5242494226327945,1.0169491525423728,16.099693012123417,1.685831729018159,3.7650241948072214,0.1202356972625002,8.74690540985154,-1.4852374472913183,14.106939253051967,Perfil estatístico semelhante a breakouts históricos
1630591,Jalen Suggs,ORL,25.0,57,27.606491228070173,13.789473684210526,3.8596491228070176,5.473684210526316,1.8421052631578947,0.7017543859649122,0.5610438556418456,0.5285053929121726,2.0526315789473686,17.982040837077474,7.1379093399086155,5.033141201217614,0.12818596597164042,12.068699541293244,-1.720774142917282,13.477938971813717,Boa relação assistência/erro
1631126,Caleb Love,POR,24.0,49,20.665476190476188,10.387755102040817,2.326530612244898,2.510204081632653,0.5510204081632653,0.08163265306122448,0.4974978497145985,0.4826530612244898,1.9838709677419355,18.095841597195363,4.372865454725009,4.05289968974513,0.10051990542115426,8.10290425938746,-2.2848508426533574,12.923173111416498,Produção por 36 minutos
1631106,Tari Eason,HOU,25.0,60,25.818416666666668,10.45,6.266666666666667,1.5,1.2,0.4666666666666667,0.5143729080527663,0.4956896551724138,1.1111111111111112,14.570994219242722,2.091530270704697,8.737948686499623,0.062305696127429346,9.216239435532003,-1.233760564467996,7.3409699135146385,Perfil estatístico semelhante a breakouts históricos
